"1111111"; "one"; 19; 42; 7; 1556804723504; AWAKEN; HEAVY; "false"; ""
"11fggfdgifve"; "one"; 19; 42; 7; 1556804723504; AWAKEN; HEAVY; "false"; ""
"6s1ix"; "one"; 19; 42; 7; 1556804723504; AWAKEN; HEAVY; "false"; ""
"6six"; "one"; 19; 42; 7; 1556804723504; AWAKEN; HEAVY; "false"; ""
"f11ffhour"; "one"; 19; 42; 7; 1556804723504; AWAKEN; HEAVY; "false"; ""
"f1f11five"; "one"; 19; 42; 7; 1556804723504; AWAKEN; HEAVY; "false"; ""
"f1gg6ifve"; "one"; 19; 42; 7; 1556804723504; AWAKEN; HEAVY; "false"; ""
"f1hffour"; "one"; 19; 42; 7; 1556804723504; AWAKEN; HEAVY; "false"; ""
"f21gifve"; "one"; 19; 42; 7; 1556804723504; AWAKEN; HEAVY; "false"; ""
"ff1hfivjee"; "one"; 19; 42; 7; 1556804723504; AWAKEN; HEAVY; "false"; ""
"fffhour"; "one"; 19; 42; 7; 1556804723504; AWAKEN; HEAVY; "false"; ""
"fffive"; "one"; 19; 42; 7; 1556804723504; AWAKEN; HEAVY; "false"; ""
"ffhfivjee"; "one"; 19; 42; 7; 1556804723504; AWAKEN; HEAVY; "false"; ""
"fgg6ifve"; "one"; 19; 42; 7; 1556804723504; AWAKEN; HEAVY; "false"; ""
"fggfdgifve"; "one"; 19; 42; 7; 1556804723504; AWAKEN; HEAVY; "false"; ""
"fgifve"; "one"; 19; 42; 7; 1556804723504; AWAKEN; HEAVY; "false"; ""
"fh1jfdgogfgujrr"; "one"; 19; 42; 7; 1556804723504; AWAKEN; HEAVY; "false"; ""
"fhffour"; "one"; 19; 42; 7; 1556804723504; AWAKEN; HEAVY; "false"; ""
"fhjfdgogfgujrr"; "one"; 19; 42; 7; 1556804723504; AWAKEN; HEAVY; "false"; ""
"fhour"; "one"; 19; 42; 7; 1556804723504; AWAKEN; HEAVY; "false"; ""
"five"; "one"; 19; 42; 7; 1556804723504; AWAKEN; HEAVY; "false"; ""
"fivjee"; "one"; 19; 42; 7; 1556804723504; AWAKEN; HEAVY; "false"; ""
"fldggfdifgfve"; "one"; 19; 42; 7; 1556804723504; AWAKEN; HEAVY; "false"; ""
"fo1ur"; "one"; 19; 42; 7; 1556804723504; AWAKEN; HEAVY; "false"; ""
"foujrr"; "one"; 19; 42; 7; 1556804723504; AWAKEN; HEAVY; "false"; ""
"four"; "one"; 19; 42; 7; 1556804723504; AWAKEN; HEAVY; "false"; ""
"jkhgfoneone"; "one"; 19; 42; 7; 1556804723504; AWAKEN; HEAVY; "false"; ""
"joneone"; "one"; 19; 42; 7; 1556804723504; AWAKEN; HEAVY; "false"; ""
"o1fne"; "one"; 19; 42; 7; 1556804723504; AWAKEN; HEAVY; "false"; ""
"o1nene"; "one"; 19; 42; 7; 1556804723504; AWAKEN; HEAVY; "false"; ""
"ofne"; "one"; 19; 42; 7; 1556804723504; AWAKEN; HEAVY; "false"; ""
"ofneh"; "one"; 19; 42; 7; 1556804723504; AWAKEN; HEAVY; "false"; ""
"ofwegfne"; "one"; 19; 42; 7; 1556804723504; AWAKEN; HEAVY; "false"; ""
"og1fneh"; "one"; 19; 42; 7; 1556804723504; AWAKEN; HEAVY; "false"; ""
"ogfneh"; "one"; 19; 42; 7; 1556804723504; AWAKEN; HEAVY; "false"; ""
"one"; "one"; 19; 42; 7; 1556804723504; AWAKEN; HEAVY; "false"; ""
"s1efdvgen"; "one"; 19; 42; 7; 1556804723504; AWAKEN; HEAVY; "false"; ""
"s1effven"; "one"; 19; 42; 7; 1556804723504; AWAKEN; HEAVY; "false"; ""
"s1fgdfix"; "one"; 19; 42; 7; 1556804723504; AWAKEN; HEAVY; "false"; ""
"s1lgeffgven"; "one"; 19; 42; 7; 1556804723504; AWAKEN; HEAVY; "false"; ""
"s5efven"; "one"; 19; 42; 7; 1556804723504; AWAKEN; HEAVY; "false"; ""
"se1gven"; "one"; 19; 42; 7; 1556804723504; AWAKEN; HEAVY; "false"; ""
"se1vgen"; "one"; 19; 42; 7; 1556804723504; AWAKEN; HEAVY; "false"; ""
"sefdvgen"; "one"; 19; 42; 7; 1556804723504; AWAKEN; HEAVY; "false"; ""
"seffven"; "one"; 19; 42; 7; 1556804723504; AWAKEN; HEAVY; "false"; ""
"sefven"; "one"; 19; 42; 7; 1556804723504; AWAKEN; HEAVY; "false"; ""
"segven"; "one"; 19; 42; 7; 1556804723504; AWAKEN; HEAVY; "false"; ""
"seven"; "one"; 19; 42; 7; 1556804723504; AWAKEN; HEAVY; "false"; ""
"sevgen"; "one"; 19; 42; 7; 1556804723504; AWAKEN; HEAVY; "false"; ""
"sfgdfix"; "one"; 19; 42; 7; 1556804723504; AWAKEN; HEAVY; "false"; ""
"sfix"; "one"; 19; 42; 7; 1556804723504; AWAKEN; HEAVY; "false"; ""
"si1x"; "one"; 19; 42; 7; 1556804723504; AWAKEN; HEAVY; "false"; ""
"six"; "one"; 19; 42; 7; 1556804723504; AWAKEN; HEAVY; "false"; ""
"sj1hgjix"; "one"; 19; 42; 7; 1556804723504; AWAKEN; HEAVY; "false"; ""
"sjhgjix"; "one"; 19; 42; 7; 1556804723504; AWAKEN; HEAVY; "false"; ""
"sjjix"; "one"; 19; 42; 7; 1556804723504; AWAKEN; HEAVY; "false"; ""
"slgeffgven"; "one"; 19; 42; 7; 1556804723504; AWAKEN; HEAVY; "false"; ""
"t111hrefe"; "one"; 19; 42; 7; 1556804723504; AWAKEN; HEAVY; "false"; ""
"t1fdwo"; "one"; 19; 42; 7; 1556804723504; AWAKEN; HEAVY; "false"; ""
"t1ffgdwo"; "one"; 19; 42; 7; 1556804723504; AWAKEN; HEAVY; "false"; ""
"t1gfdshree"; "one"; 19; 42; 7; 1556804723504; AWAKEN; HEAVY; "false"; ""
"t1khhree"; "one"; 19; 42; 7; 1556804723504; AWAKEN; HEAVY; "false"; ""
"t2woj"; "one"; 19; 42; 7; 1556804723504; AWAKEN; HEAVY; "false"; ""
"t4hhree"; "one"; 19; 42; 7; 1556804723504; AWAKEN; HEAVY; "false"; ""
"tf16d6shree"; "one"; 19; 42; 7; 1556804723504; AWAKEN; HEAVY; "false"; ""
"tf1dshree"; "one"; 19; 42; 7; 1556804723504; AWAKEN; HEAVY; "false"; ""
"tf6d6shree"; "one"; 19; 42; 7; 1556804723504; AWAKEN; HEAVY; "false"; ""
"tfdshree"; "one"; 19; 42; 7; 1556804723504; AWAKEN; HEAVY; "false"; ""
"tfdwo"; "one"; 19; 42; 7; 1556804723504; AWAKEN; HEAVY; "false"; ""
"tffgdwo"; "one"; 19; 42; 7; 1556804723504; AWAKEN; HEAVY; "false"; ""
"tgfdshree"; "one"; 19; 42; 7; 1556804723504; AWAKEN; HEAVY; "false"; ""
"th1ree"; "one"; 19; 42; 7; 1556804723504; AWAKEN; HEAVY; "false"; ""
"thhree"; "one"; 19; 42; 7; 1556804723504; AWAKEN; HEAVY; "false"; ""
"three"; "one"; 19; 42; 7; 1556804723504; AWAKEN; HEAVY; "false"; ""
"threfe"; "one"; 19; 42; 7; 1556804723504; AWAKEN; HEAVY; "false"; ""
"tkhhree"; "one"; 19; 42; 7; 1556804723504; AWAKEN; HEAVY; "false"; ""
"ttfdwo"; "one"; 19; 42; 7; 1556804723504; AWAKEN; HEAVY; "false"; ""
"tw1o"; "one"; 19; 42; 7; 1556804723504; AWAKEN; HEAVY; "false"; ""
"two"; "one"; 19; 42; 7; 1556804723504; AWAKEN; HEAVY; "false"; ""
"twoj"; "one"; 19; 42; 7; 1556804723504; AWAKEN; HEAVY; "false"; ""
